EmployeeID,EmployeeName,Department,Role,Experience(Years)
E1000,Emp_0,Neurology,Nurse,7
E1001,Emp_1,Radiology,Nurse,15
E1002,Emp_2,Pediatrics,Therapist,11
E1003,Emp_3,Orthopedics,Nurse,8
E1004,Emp_4,Cardiology,Nurse,7
E1005,Emp_5,Orthopedics,Admin,19
E1006,Emp_6,Radiology,Admin,11
E1007,Emp_7,Cardiology,Technician,11
E1008,Emp_8,Orthopedics,Therapist,4
E1009,Emp_9,Orthopedics,Admin,8
E1010,Emp_10,Radiology,Therapist,3
E1011,Emp_11,Cardiology,Nurse,2
E1012,Emp_12,Neurology,Technician,12
E1013,Emp_13,Pediatrics,Nurse,6
E1014,Emp_14,Neurology,Therapist,2
E1015,Emp_15,Radiology,Nurse,1
E1016,Emp_16,Radiology,Nurse,12
E1017,Emp_17,Radiology,Nurse,12
E1018,Emp_18,Neurology,Doctor,17
E1019,Emp_19,Cardiology,Doctor,10
E1020,Emp_20,Radiology,Therapist,16
E1021,Emp_21,Pediatrics,Technician,15
E1022,Emp_22,Orthopedics,Therapist,15
E1023,Emp_23,Pediatrics,Nurse,19
E1024,Emp_24,Orthopedics,Nurse,12
E1025,Emp_25,Pediatrics,Therapist,3
E1026,Emp_26,Orthopedics,Doctor,5
E1027,Emp_27,Cardiology,Doctor,19
E1028,Emp_28,Neurology,Doctor,7
E1029,Emp_29,Neurology,Admin,9
E1030,Emp_30,Radiology,Therapist,7
E1031,Emp_31,Orthopedics,Nurse,18
E1032,Emp_32,Orthopedics,Therapist,4
E1033,Emp_33,Radiology,Technician,14
E1034,Emp_34,Pediatrics,Technician,18
E1035,Emp_35,Neurology,Admin,9
E1036,Emp_36,Neurology,Technician,2
E1037,Emp_37,Pediatrics,Nurse,15
E1038,Emp_38,Cardiology,Technician,7
E1039,Emp_39,Neurology,Technician,12
E1040,Emp_40,Radiology,Nurse,8
E1041,Emp_41,Cardiology,Doctor,15
E1042,Emp_42,Pediatrics,Nurse,3
E1043,Emp_43,Cardiology,Doctor,14
E1044,Emp_44,Cardiology,Therapist,17
E1045,Emp_45,Cardiology,Technician,4
E1046,Emp_46,Pediatrics,Nurse,18
E1047,Emp_47,Cardiology,Nurse,8
E1048,Emp_48,Pediatrics,Admin,4
E1049,Emp_49,Orthopedics,Technician,2
